{
  "train_dataset": "backend/data/train.csv",
  "test_dataset": "/Users/deadshot/Documents/GitHub/Youtube_sentiment_analysis/backend/data/test.csv",
  "train_samples": 663984,
  "test_samples": 207313,
  "label_distribution": {
    "Negative": 222269,
    "Neutral": 221649,
    "Positive": 220066
  },
  "max_per_class": null,
  "text_column": "text",
  "label_column": "label",
  "vectorizer": {
    "max_features": 75000,
    "min_df": 2,
    "max_df": 0.95,
    "ngram_range": "1,2",
    "lowercase": true,
    "strip_accents": false
  },
  "model": {
    "type": "LinearSVC",
    "C": 1.0,
    "max_iter": 2000,
    "class_weight": "none"
  },
  "calibration": {
    "method": "sigmoid",
    "calibration_size": 0.1,
    "calibration_folds": 3,
    "calibrated": true
  },
  "random_seed": 42,
  "sklearn_version": "1.8.0",
  "pandas_version": "3.0.0",
  "accuracy": 0.6811922069527719,
  "f1_macro": 0.6821243094670804,
  "report": {
    "Negative": {
      "precision": 0.683118047820867,
      "recall": 0.68020567774273,
      "f1-score": 0.6816587520387986,
      "support": 69429.0
    },
    "Neutral": {
      "precision": 0.607516644384124,
      "recall": 0.6620845965914108,
      "f1-score": 0.6336279446459382,
      "support": 67946.0
    },
    "Positive": {
      "precision": 0.7641858071759368,
      "recall": 0.700734936658183,
      "f1-score": 0.7310862317165042,
      "support": 69938.0
    },
    "accuracy": 0.6811922069527719,
    "macro avg": {
      "precision": 0.6849401664603092,
      "recall": 0.6810084036641081,
      "f1-score": 0.6821243094670804,
      "support": 207313.0
    },
    "weighted avg": {
      "precision": 0.6856885764218806,
      "recall": 0.6811922069527719,
      "f1-score": 0.6825914375654375,
      "support": 207313.0
    }
  }
}