{
  "svm": {
    "accuracy": 0.750836509269427,
    "macro_f1": 0.7514238323726653,
    "report": {
      "Negative": {
        "precision": 0.7497616332330012,
        "recall": 0.7725381414701803,
        "f1-score": 0.7609794973482225,
        "support": 51912.0
      },
      "Neutral": {
        "precision": 0.6950272530426342,
        "recall": 0.724382794109064,
        "f1-score": 0.7094014651386547,
        "support": 51401.0
      },
      "Positive": {
        "precision": 0.8146558043100379,
        "recall": 0.75536439015865,
        "f1-score": 0.7838905346311187,
        "support": 51497.0
      },
      "accuracy": 0.750836509269427,
      "macro avg": {
        "precision": 0.7531482301952245,
        "recall": 0.7507617752459647,
        "f1-score": 0.7514238323726653,
        "support": 154810.0
      },
      "weighted avg": {
        "precision": 0.7531751934150895,
        "recall": 0.750836509269427,
        "f1-score": 0.7514755069945844,
        "support": 154810.0
      }
    }
  }
}