{
  "logreg": {
    "accuracy": 0.741,
    "macro_f1": 0.7417,
    "report": {
      "Negative": {
        "precision": 0.7418659165494609,
        "recall": 0.7620148319368198,
        "f1-score": 0.7518053971873813,
        "support": 10383.0
      },
      "Neutral": {
        "precision": 0.6826923076923077,
        "recall": 0.7182879377431907,
        "f1-score": 0.7000379218809253,
        "support": 10280.0
      },
      "Positive": {
        "precision": 0.8066659635059593,
        "recall": 0.7425963685794738,
        "f1-score": 0.7733063700707785,
        "support": 10299.0
      },
      "accuracy": 0.7410374006847102,
      "macro avg": {
        "precision": 0.7437413959159093,
        "recall": 0.7409663794198281,
        "f1-score": 0.7417165630463618,
        "support": 30962.0
      },
      "weighted avg": {
        "precision": 0.7437737708403157,
        "recall": 0.7410374006847102,
        "f1-score": 0.7417695104092578,
        "support": 30962.0
      }
    }
  },
  "svm": {
    "accuracy": 0.751,
    "macro_f1": 0.7515,
    "report": {
      "Negative": {
        "precision": 0.7512108792846498,
        "recall": 0.7767504574785707,
        "f1-score": 0.7637672238268858,
        "support": 10383.0
      },
      "Neutral": {
        "precision": 0.6935333581811405,
        "recall": 0.7240272373540856,
        "f1-score": 0.7084523129640206,
        "support": 10280.0
      },
      "Positive": {
        "precision": 0.8155677269854645,
        "recall": 0.7518205651034081,
        "f1-score": 0.7823978174101955,
        "support": 10299.0
      },
      "accuracy": 0.7509527808281119,
      "macro avg": {
        "precision": 0.7534373214837515,
        "recall": 0.7508660866453548,
        "f1-score": 0.751539118067034,
        "support": 30962.0
      },
      "weighted avg": {
        "precision": 0.7534680415327802,
        "recall": 0.7509527808281119,
        "f1-score": 0.7515987334077996,
        "support": 30962.0
      }
    }
  },
  "tfidf": {
    "accuracy": 0.6736,
    "macro_f1": 0.6734,
    "report": {
      "Negative": {
        "precision": 0.616054083456368,
        "recall": 0.7635558123856303,
        "f1-score": 0.6819198348529159,
        "support": 10383.0
      },
      "Neutral": {
        "precision": 0.6512731981009927,
        "recall": 0.58715953307393,
        "f1-score": 0.6175567833026396,
        "support": 10280.0
      },
      "Positive": {
        "precision": 0.7808498583569405,
        "recall": 0.6690940868045442,
        "f1-score": 0.7206651328174022,
        "support": 10299.0
      },
      "accuracy": 0.6735675989923131,
      "macro avg": {
        "precision": 0.6827257133047672,
        "recall": 0.6732698107547015,
        "f1-score": 0.6733805836576526,
        "support": 30962.0
      },
      "weighted avg": {
        "precision": 0.6825641339779022,
        "recall": 0.6735675989923131,
        "f1-score": 0.6734380072513205,
        "support": 30962.0
      }
    }
  },
  "ensemble": {
    "accuracy": 0.7435,
    "macro_f1": 0.7441,
    "report": {
      "Negative": {
        "precision": 0.7365965233302836,
        "recall": 0.7754020995858615,
        "f1-score": 0.7555013372120302,
        "support": 10383.0
      },
      "Neutral": {
        "precision": 0.6876398210290827,
        "recall": 0.7176070038910506,
        "f1-score": 0.7023038842345773,
        "support": 10280.0
      },
      "Positive": {
        "precision": 0.8158856405846947,
        "recall": 0.7370618506651131,
        "f1-score": 0.7744732949038412,
        "support": 10299.0
      },
      "accuracy": 0.7434597248239778,
      "macro avg": {
        "precision": 0.7467073283146871,
        "recall": 0.7433569847140085,
        "f1-score": 0.7440928387834829,
        "support": 30962.0
      },
      "weighted avg": {
        "precision": 0.74671614476775,
        "recall": 0.7434597248239778,
        "f1-score": 0.7441494340940062,
        "support": 30962.0
      }
    }
  }
}