{
  "tfidf": {
    "accuracy": 0.6771268005942769,
    "macro_f1": 0.6769512600636913,
    "report": {
      "Negative": {
        "precision": 0.6175869758448079,
        "recall": 0.7629064570812144,
        "f1-score": 0.6825980920207861,
        "support": 51912.0
      },
      "Neutral": {
        "precision": 0.6571658930945066,
        "recall": 0.5867201027217369,
        "f1-score": 0.6199481971796242,
        "support": 51401.0
      },
      "Positive": {
        "precision": 0.7828183604215039,
        "recall": 0.6808940326620968,
        "f1-score": 0.7283074909906635,
        "support": 51497.0
      },
      "accuracy": 0.6771268005942769,
      "macro avg": {
        "precision": 0.6858570764536062,
        "recall": 0.6768401974883494,
        "f1-score": 0.6769512600636913,
        "support": 154810.0
      },
      "weighted avg": {
        "precision": 0.6856918562601421,
        "recall": 0.6771268005942769,
        "f1-score": 0.6770017460096835,
        "support": 154810.0
      }
    }
  }
}