{
  "logreg": {
    "accuracy": 0.7427104192235644,
    "macro_f1": 0.7434044747909404,
    "report": {
      "Negative": {
        "precision": 0.7424969423275943,
        "recall": 0.7601325319771922,
        "f1-score": 0.7512112472276954,
        "support": 51912.0
      },
      "Neutral": {
        "precision": 0.6851214911794076,
        "recall": 0.7208030972160074,
        "f1-score": 0.7025095042615118,
        "support": 51401.0
      },
      "Positive": {
        "precision": 0.808393048521655,
        "recall": 0.7470143891877197,
        "f1-score": 0.7764926728836139,
        "support": 51497.0
      },
      "accuracy": 0.7427104192235644,
      "macro avg": {
        "precision": 0.745337160676219,
        "recall": 0.7426500061269731,
        "f1-score": 0.7434044747909404,
        "support": 154810.0
      },
      "weighted avg": {
        "precision": 0.745366887526274,
        "recall": 0.7427104192235644,
        "f1-score": 0.7434507620316358,
        "support": 154810.0
      }
    }
  }
}