{
  "logreg": {
    "accuracy": 0.6884,
    "macro_f1": 0.6894,
    "report": {
      "Negative": {
        "precision": 0.691117337088275,
        "recall": 0.6857221045960622,
        "f1-score": 0.6884091500621765,
        "support": 69429.0
      },
      "Neutral": {
        "precision": 0.614303719396101,
        "recall": 0.6738538924269388,
        "f1-score": 0.642702334944204,
        "support": 67991.0
      },
      "Positive": {
        "precision": 0.7720890920189704,
        "recall": 0.7053104177986217,
        "f1-score": 0.7371905519812892,
        "support": 69938.0
      },
      "accuracy": 0.6884373884778981,
      "macro avg": {
        "precision": 0.6925033828344488,
        "recall": 0.6882954716072076,
        "f1-score": 0.6894340123292233,
        "support": 207358.0
      },
      "weighted avg": {
        "precision": 0.6932410454372867,
        "recall": 0.6884373884778981,
        "f1-score": 0.6898753178528227,
        "support": 207358.0
      }
    }
  },
  "svm": {
    "accuracy": 0.6813,
    "macro_f1": 0.6822,
    "report": {
      "Negative": {
        "precision": 0.683118047820867,
        "recall": 0.68020567774273,
        "f1-score": 0.6816587520387986,
        "support": 69429.0
      },
      "Neutral": {
        "precision": 0.6077550139012605,
        "recall": 0.6623082466797076,
        "f1-score": 0.6338600133722772,
        "support": 67991.0
      },
      "Positive": {
        "precision": 0.7641858071759368,
        "recall": 0.700734936658183,
        "f1-score": 0.7310862317165042,
        "support": 69938.0
      },
      "accuracy": 0.6812613933390561,
      "macro avg": {
        "precision": 0.6850196229660215,
        "recall": 0.6810829536935401,
        "f1-score": 0.6822016657091933,
        "support": 207358.0
      },
      "weighted avg": {
        "precision": 0.6857497712872725,
        "recall": 0.6812613933390561,
        "f1-score": 0.6826569051509231,
        "support": 207358.0
      }
    }
  },
  "tfidf": {
    "accuracy": 0.6499,
    "macro_f1": 0.6499,
    "report": {
      "Negative": {
        "precision": 0.5959543012353915,
        "recall": 0.7205202437021994,
        "f1-score": 0.6523440046945296,
        "support": 69429.0
      },
      "Neutral": {
        "precision": 0.6072891853263459,
        "recall": 0.5624420879234017,
        "f1-score": 0.5840059254281809,
        "support": 67991.0
      },
      "Positive": {
        "precision": 0.769335120022499,
        "recall": 0.6649317967342503,
        "f1-score": 0.7133335889864632,
        "support": 69938.0
      },
      "accuracy": 0.6499387532672962,
      "macro avg": {
        "precision": 0.6575262021947456,
        "recall": 0.6492980427866172,
        "f1-score": 0.6498945063697246,
        "support": 207358.0
      },
      "weighted avg": {
        "precision": 0.6581490456318498,
        "recall": 0.6499387532672962,
        "f1-score": 0.6505071582685944,
        "support": 207358.0
      }
    }
  },
  "ensemble": {
    "accuracy": 0.6873,
    "macro_f1": 0.6884,
    "report": {
      "Negative": {
        "precision": 0.6837366507611906,
        "recall": 0.6934566247533451,
        "f1-score": 0.6885623368729665,
        "support": 69429.0
      },
      "Neutral": {
        "precision": 0.6143829695266911,
        "recall": 0.6689708932064538,
        "f1-score": 0.6405159727649747,
        "support": 67991.0
      },
      "Positive": {
        "precision": 0.7771419488157686,
        "recall": 0.6990477279876463,
        "f1-score": 0.7360291460917741,
        "support": 69938.0
      },
      "accuracy": 0.6873137279487649,
      "macro avg": {
        "precision": 0.6917538563678834,
        "recall": 0.6871584153158151,
        "f1-score": 0.6883691519099052,
        "support": 207358.0
      },
      "weighted avg": {
        "precision": 0.6925000145789657,
        "recall": 0.6873137279487649,
        "f1-score": 0.6888179979088488,
        "support": 207358.0
      }
    }
  }
}