{
  "logreg": {
    "accuracy": 0.7568,
    "macro_f1": 0.7573,
    "report": {
      "Negative": {
        "precision": 0.7242063492063492,
        "recall": 0.7635983263598326,
        "f1-score": 0.7433808553971487,
        "support": 478.0
      },
      "Neutral": {
        "precision": 0.7127192982456141,
        "recall": 0.7142857142857143,
        "f1-score": 0.7135016465422612,
        "support": 455.0
      },
      "Positive": {
        "precision": 0.8401826484018264,
        "recall": 0.7913978494623656,
        "f1-score": 0.8150609080841639,
        "support": 465.0
      },
      "accuracy": 0.7567954220314735,
      "macro avg": {
        "precision": 0.7590360986179299,
        "recall": 0.7564272967026375,
        "f1-score": 0.7573144700078579,
        "support": 1398.0
      },
      "weighted avg": {
        "precision": 0.7590435244129031,
        "recall": 0.7567954220314735,
        "f1-score": 0.7574982977937784,
        "support": 1398.0
      }
    }
  },
  "svm": {
    "accuracy": 0.7618,
    "macro_f1": 0.7622,
    "report": {
      "Negative": {
        "precision": 0.7215686274509804,
        "recall": 0.7698744769874477,
        "f1-score": 0.7449392712550608,
        "support": 478.0
      },
      "Neutral": {
        "precision": 0.7203579418344519,
        "recall": 0.7076923076923077,
        "f1-score": 0.7139689578713969,
        "support": 455.0
      },
      "Positive": {
        "precision": 0.8503401360544217,
        "recall": 0.8064516129032258,
        "f1-score": 0.8278145695364238,
        "support": 465.0
      },
      "accuracy": 0.7618025751072961,
      "macro avg": {
        "precision": 0.7640889017799513,
        "recall": 0.7613394658609938,
        "f1-score": 0.7622409328876273,
        "support": 1398.0
      },
      "weighted avg": {
        "precision": 0.7640063166820817,
        "recall": 0.7618025751072961,
        "f1-score": 0.762425337858256,
        "support": 1398.0
      }
    }
  },
  "tfidf": {
    "accuracy": 0.6924,
    "macro_f1": 0.6926,
    "report": {
      "Negative": {
        "precision": 0.643510054844607,
        "recall": 0.7364016736401674,
        "f1-score": 0.686829268292683,
        "support": 478.0
      },
      "Neutral": {
        "precision": 0.6542056074766355,
        "recall": 0.6153846153846154,
        "f1-score": 0.6342015855039638,
        "support": 455.0
      },
      "Positive": {
        "precision": 0.7943262411347518,
        "recall": 0.7225806451612903,
        "f1-score": 0.7567567567567568,
        "support": 465.0
      },
      "accuracy": 0.6924177396280401,
      "macro avg": {
        "precision": 0.6973473011519982,
        "recall": 0.6914556447286911,
        "f1-score": 0.6925958701844678,
        "support": 1398.0
      },
      "weighted avg": {
        "precision": 0.6971552644815815,
        "recall": 0.6924177396280401,
        "f1-score": 0.6929599453076523,
        "support": 1398.0
      }
    }
  },
  "ensemble": {
    "accuracy": 0.7611,
    "macro_f1": 0.7617,
    "report": {
      "Negative": {
        "precision": 0.7233201581027668,
        "recall": 0.7656903765690377,
        "f1-score": 0.7439024390243902,
        "support": 478.0
      },
      "Neutral": {
        "precision": 0.7186813186813187,
        "recall": 0.7186813186813187,
        "f1-score": 0.7186813186813187,
        "support": 455.0
      },
      "Positive": {
        "precision": 0.8489702517162472,
        "recall": 0.7978494623655914,
        "f1-score": 0.8226164079822617,
        "support": 465.0
      },
      "accuracy": 0.7610872675250357,
      "macro avg": {
        "precision": 0.7636572428334443,
        "recall": 0.7607403858719826,
        "f1-score": 0.7617333885626568,
        "support": 1398.0
      },
      "weighted avg": {
        "precision": 0.7636038645358922,
        "recall": 0.7610872675250357,
        "f1-score": 0.7618755333085909,
        "support": 1398.0
      }
    }
  }
}