{
  "ensemble": {
    "accuracy": 0.6887,
    "macro_f1": 0.6898,
    "report": {
      "Negative": {
        "precision": 0.6867204800342882,
        "recall": 0.6923187716948249,
        "f1-score": 0.6895082625659857,
        "support": 69429.0
      },
      "Neutral": {
        "precision": 0.615598097727242,
        "recall": 0.6720595372917004,
        "f1-score": 0.642590951918885,
        "support": 67991.0
      },
      "Positive": {
        "precision": 0.7769893563101875,
        "recall": 0.7014212588292488,
        "f1-score": 0.737273997925966,
        "support": 69938.0
      },
      "accuracy": 0.6887460334301064,
      "macro avg": {
        "precision": 0.6931026446905726,
        "recall": 0.6885998559385914,
        "f1-score": 0.6897910708036122,
        "support": 207358.0
      },
      "weighted avg": {
        "precision": 0.6938460443893913,
        "recall": 0.6887460334301064,
        "f1-score": 0.6902349532719111,
        "support": 207358.0
      }
    }
  }
}