{
  "weights": {
    "logreg": 0.796856208575044,
    "svm": 0.042691884965537184,
    "tfidf": 0.16045190645941879
  },
  "macro_f1": 0.6931
}