{
  "weights": {
    "logreg": 0.3086664156359348,
    "svm": 0.6913335843640652,
    "tfidf": 0.0
  },
  "macro_f1": 0.7617
}