{
  "train_dataset": "backend/data/train.csv",
  "test_dataset": "/Users/deadshot/Documents/GitHub/Youtube_sentiment_analysis/backend/data/test.csv",
  "train_samples": 663984,
  "test_samples": 207313,
  "label_distribution": {
    "Negative": 222269,
    "Neutral": 221649,
    "Positive": 220066
  },
  "max_per_class": null,
  "text_column": "text",
  "label_column": "label",
  "vectorizer": {
    "max_features": 75000,
    "min_df": 2,
    "max_df": 0.95,
    "ngram_range": "1,2",
    "lowercase": true,
    "strip_accents": false
  },
  "model": {
    "type": "LogisticRegression",
    "C": 1.0,
    "max_iter": 200,
    "solver": "saga",
    "class_weight": "none",
    "n_jobs": -1
  },
  "random_seed": 42,
  "sklearn_version": "1.8.0",
  "pandas_version": "3.0.0",
  "accuracy": 0.6883697597352795,
  "f1_macro": 0.6893587827934072,
  "report": {
    "Negative": {
      "precision": 0.691117337088275,
      "recall": 0.6857221045960622,
      "f1-score": 0.6884091500621765,
      "support": 69429.0
    },
    "Neutral": {
      "precision": 0.6140708641345909,
      "recall": 0.6736378889117829,
      "f1-score": 0.6424766463367559,
      "support": 67946.0
    },
    "Positive": {
      "precision": 0.7720890920189704,
      "recall": 0.7053104177986217,
      "f1-score": 0.7371905519812892,
      "support": 69938.0
    },
    "accuracy": 0.6883697597352795,
    "macro avg": {
      "precision": 0.6924257644139454,
      "recall": 0.6882234704354889,
      "f1-score": 0.6893587827934072,
      "support": 207313.0
    },
    "weighted avg": {
      "precision": 0.6931818624438097,
      "recall": 0.6883697597352795,
      "f1-score": 0.6898115888349089,
      "support": 207313.0
    }
  }
}