{
  "dataset": "C:\\Users\\itsma\\OneDrive\\Documents\\GitHub\\data\\raw\\youtube_comments_cleaned.csv",
  "total_samples": 1032064,
  "label_distribution": {
    "Negative": 346075,
    "Positive": 343317,
    "Neutral": 342672
  },
  "max_per_class": null,
  "text_column": "CommentText",
  "label_column": "Sentiment",
  "vectorizer": {
    "max_features": 75000,
    "min_df": 2,
    "max_df": 0.95,
    "ngram_range": "1,2",
    "lowercase": true,
    "strip_accents": false
  },
  "model": {
    "type": "LogisticRegression",
    "C": 1.0,
    "max_iter": 200,
    "solver": "saga",
    "class_weight": "none",
    "n_jobs": -1
  },
  "random_seed": 42,
  "sklearn_version": "1.8.0",
  "pandas_version": "2.3.3",
  "accuracy": 0.7072568103753155,
  "f1_macro": 0.7081030012573081,
  "report": {
    "Negative": {
      "precision": 0.7058167443173796,
      "recall": 0.7222856317272267,
      "f1-score": 0.7139562283551716,
      "support": 69215.0
    },
    "Neutral": {
      "precision": 0.6464670195270933,
      "recall": 0.6825663174482739,
      "f1-score": 0.664026402640264,
      "support": 68534.0
    },
    "Positive": {
      "precision": 0.7784473759134478,
      "recall": 0.7167511359664454,
      "f1-score": 0.7463263727764888,
      "support": 68664.0
    },
    "accuracy": 0.7072568103753155,
    "macro avg": {
      "precision": 0.7102437132526402,
      "recall": 0.7072010283806488,
      "f1-score": 0.7081030012573081,
      "support": 206413.0
    },
    "weighted avg": {
      "precision": 0.7102720627766577,
      "recall": 0.7072568103753155,
      "f1-score": 0.708146385569106,
      "support": 206413.0
    }
  }
}